1960,1,Femenino,506
1960,1,Masculino,579
1960,2,Femenino,399
1960,2,Masculino,510
1960,3,Femenino,441
1960,3,Masculino,487
1960,4,Femenino,368
1960,4,Masculino,521
1960,5,Femenino,465
1960,5,Masculino,647
1960,6,Femenino,466
1960,6,Masculino,615
1960,7,Femenino,517
1960,7,Masculino,676
1960,8,Femenino,467
1960,8,Masculino,647
1960,9,Femenino,452
1960,9,Masculino,601
1960,10,Femenino,461
1960,10,Masculino,542
1960,11,Femenino,388
1960,11,Masculino,529
1960,12,Femenino,366
1960,12,Masculino,559
1961,1,Femenino,442
1961,1,Masculino,623
1961,2,Femenino,369
1961,2,Masculino,430
1961,3,Femenino,431
1961,3,Masculino,573
1961,4,Femenino,414
1961,4,Masculino,573
1961,5,Femenino,448
1961,5,Masculino,581
1961,6,Femenino,475
1961,6,Masculino,600
1961,7,Femenino,505
1961,7,Masculino,632
1961,8,Femenino,501
1961,8,Masculino,698
1961,9,Femenino,477
1961,9,Masculino,586
1961,10,Femenino,429
1961,10,Masculino,594
1961,11,Femenino,438
1961,11,Masculino,531
1961,12,Femenino,455
1961,12,Masculino,575
1962,1,Femenino,430
1962,1,Masculino,540
1962,2,Femenino,357
1962,2,Masculino,473
1962,3,Femenino,408
1962,3,Masculino,578
1962,4,Femenino,431
1962,4,Masculino,563
1962,5,Femenino,492
1962,5,Masculino,612
1962,6,Femenino,541
1962,6,Masculino,651
1962,7,Femenino,552
1962,7,Masculino,702
1962,8,Femenino,477
1962,8,Masculino,630
1962,9,Femenino,526
1962,9,Masculino,619
1962,10,Femenino,479
1962,10,Masculino,669
1962,11,Femenino,431
1962,11,Masculino,558
1962,12,Femenino,414
1962,12,Masculino,572
1963,1,Femenino,456
1963,1,Masculino,585
1963,2,Femenino,348
1963,2,Masculino,485
1963,3,Femenino,438
1963,3,Masculino,560
1963,4,Femenino,444
1963,4,Masculino,544
1963,5,Femenino,518
1963,5,Masculino,605
1963,6,Femenino,596
1963,6,Masculino,780
1963,7,Femenino,592
1963,7,Masculino,756
1963,8,Femenino,591
1963,8,Masculino,732
1963,9,Femenino,465
1963,9,Masculino,632
1963,10,Femenino,431
1963,10,Masculino,635
1963,11,Femenino,461
1963,11,Masculino,644
1963,12,Femenino,470
1963,12,Masculino,569
1964,1,Femenino,448
1964,1,Masculino,638
1964,2,Femenino,402
1964,2,Masculino,569
1964,3,Femenino,440
1964,3,Masculino,587
1964,4,Femenino,463
1964,4,Masculino,607
1964,5,Femenino,495
1964,5,Masculino,640
1964,6,Femenino,576
1964,6,Masculino,758
1964,7,Femenino,595
1964,7,Masculino,830
1964,8,Femenino,605
1964,8,Masculino,706
1964,9,Femenino,528
1964,9,Masculino,651
1964,10,Femenino,534
1964,10,Masculino,618
1964,11,Femenino,464
1964,11,Masculino,640
1964,12,Femenino,476
1964,12,Masculino,606
1965,1,Femenino,509
1965,1,Masculino,644
1965,2,Femenino,459
1965,2,Masculino,548
1965,3,Femenino,441
1965,3,Masculino,530
1965,4,Femenino,508
1965,4,Masculino,609
1965,5,Femenino,511
1965,5,Masculino,737
1965,6,Femenino,549
1965,6,Masculino,720
1965,7,Femenino,691
1965,7,Masculino,882
1965,8,Femenino,595
1965,8,Masculino,721
1965,9,Femenino,488
1965,9,Masculino,694
1965,10,Femenino,467
1965,10,Masculino,653
1965,11,Femenino,487
1965,11,Masculino,653
1965,12,Femenino,492
1965,12,Masculino,588
1966,1,Femenino,481
1966,1,Masculino,619
1966,2,Femenino,444
1966,2,Masculino,532
1966,3,Femenino,448
1966,3,Masculino,584
1966,4,Femenino,434
1966,4,Masculino,608
1966,5,Femenino,565
1966,5,Masculino,675
1966,6,Femenino,560
1966,6,Masculino,714
1966,7,Femenino,650
1966,7,Masculino,735
1966,8,Femenino,640
1966,8,Masculino,778
1966,9,Femenino,618
1966,9,Masculino,779
1966,10,Femenino,566
1966,10,Masculino,713
1966,11,Femenino,482
1966,11,Masculino,627
1966,12,Femenino,481
1966,12,Masculino,578
1967,1,Femenino,529
1967,1,Masculino,652
1967,2,Femenino,442
1967,2,Masculino,550
1967,3,Femenino,491
1967,3,Masculino,616
1967,4,Femenino,459
1967,4,Masculino,612
1967,5,Femenino,565
1967,5,Masculino,658
1967,6,Femenino,611
1967,6,Masculino,878
1967,7,Femenino,698
1967,7,Masculino,819
1967,8,Femenino,730
1967,8,Masculino,872
1967,9,Femenino,563
1967,9,Masculino,708
1967,10,Femenino,544
1967,10,Masculino,673
1967,11,Femenino,562
1967,11,Masculino,646
1967,12,Femenino,560
1967,12,Masculino,696
1968,1,Femenino,491
1968,1,Masculino,676
1968,2,Femenino,458
1968,2,Masculino,609
1968,3,Femenino,552
1968,3,Masculino,645
1968,4,Femenino,562
1968,4,Masculino,699
1968,5,Femenino,562
1968,5,Masculino,727
1968,6,Femenino,582
1968,6,Masculino,748
1968,7,Femenino,670
1968,7,Masculino,770
1968,8,Femenino,618
1968,8,Masculino,778
1968,9,Femenino,544
1968,9,Masculino,684
1968,10,Femenino,560
1968,10,Masculino,680
1968,11,Femenino,548
1968,11,Masculino,642
1968,12,Femenino,530
1968,12,Masculino,670
1969,1,Femenino,536
1969,1,Masculino,720
1969,2,Femenino,450
1969,2,Masculino,573
1969,3,Femenino,506
1969,3,Masculino,661
1969,4,Femenino,483
1969,4,Masculino,621
1969,5,Femenino,516
1969,5,Masculino,694
1969,6,Femenino,805
1969,6,Masculino,1086
1969,7,Femenino,695
1969,7,Masculino,869
1969,8,Femenino,640
1969,8,Masculino,779
1969,9,Femenino,624
1969,9,Masculino,780
1969,10,Femenino,583
1969,10,Masculino,743
1969,11,Femenino,488
1969,11,Masculino,738
1969,12,Femenino,556
1969,12,Masculino,694
1970,1,Femenino,530
1970,1,Masculino,673
1970,2,Femenino,492
1970,2,Masculino,600
1970,3,Femenino,515
1970,3,Masculino,634
1970,4,Femenino,505
1970,4,Masculino,684
1970,5,Femenino,620
1970,5,Masculino,798
1970,6,Femenino,616
1970,6,Masculino,778
1970,7,Femenino,695
1970,7,Masculino,871
1970,8,Femenino,677
1970,8,Masculino,854
1970,9,Femenino,578
1970,9,Masculino,738
1970,10,Femenino,582
1970,10,Masculino,720
1970,11,Femenino,495
1970,11,Masculino,690
1970,12,Femenino,544
1970,12,Masculino,721
1971,1,Femenino,515
1971,1,Masculino,719
1971,2,Femenino,479
1971,2,Masculino,579
1971,3,Femenino,573
1971,3,Masculino,750
1971,4,Femenino,586
1971,4,Masculino,746
1971,5,Femenino,654
1971,5,Masculino,848
1971,6,Femenino,721
1971,6,Masculino,897
1971,7,Femenino,764
1971,7,Masculino,943
1971,8,Femenino,731
1971,8,Masculino,923
1971,9,Femenino,613
1971,9,Masculino,797
1971,10,Femenino,613
1971,10,Masculino,772
1971,11,Femenino,561
1971,11,Masculino,717
1971,12,Femenino,686
1971,12,Masculino,827
1972,1,Femenino,583
1972,1,Masculino,751
1972,2,Femenino,508
1972,2,Masculino,603
1972,3,Femenino,528
1972,3,Masculino,689
1972,4,Femenino,567
1972,4,Masculino,746
1972,5,Femenino,643
1972,5,Masculino,872
1972,6,Femenino,628
1972,6,Masculino,828
1972,7,Femenino,781
1972,7,Masculino,912
1972,8,Femenino,725
1972,8,Masculino,914
1972,9,Femenino,712
1972,9,Masculino,913
1972,10,Femenino,637
1972,10,Masculino,826
1972,11,Femenino,611
1972,11,Masculino,707
1972,12,Femenino,551
1972,12,Masculino,693
1973,1,Femenino,526
1973,1,Masculino,737
1973,2,Femenino,489
1973,2,Masculino,685
1973,3,Femenino,557
1973,3,Masculino,692
1973,4,Femenino,591
1973,4,Masculino,640
1973,5,Femenino,738
1973,5,Masculino,857
1973,6,Femenino,709
1973,6,Masculino,823
1973,7,Femenino,680
1973,7,Masculino,884
1973,8,Femenino,671
1973,8,Masculino,791
1973,9,Femenino,599
1973,9,Masculino,821
1973,10,Femenino,579
1973,10,Masculino,707
1973,11,Femenino,609
1973,11,Masculino,711
1973,12,Femenino,581
1973,12,Masculino,673
1974,1,Femenino,502
1974,1,Masculino,679
1974,2,Femenino,488
1974,2,Masculino,605
1974,3,Femenino,527
1974,3,Masculino,618
1974,4,Femenino,522
1974,4,Masculino,715
1974,5,Femenino,671
1974,5,Masculino,800
1974,6,Femenino,686
1974,6,Masculino,832
1974,7,Femenino,739
1974,7,Masculino,849
1974,8,Femenino,874
1974,8,Masculino,1055
1974,9,Femenino,693
1974,9,Masculino,847
1974,10,Femenino,614
1974,10,Masculino,746
1974,11,Femenino,589
1974,11,Masculino,729
1974,12,Femenino,609
1974,12,Masculino,708
1975,1,Femenino,603
1975,1,Masculino,735
1975,2,Femenino,458
1975,2,Masculino,594
1975,3,Femenino,576
1975,3,Masculino,693
1975,4,Femenino,651
1975,4,Masculino,741
1975,5,Femenino,638
1975,5,Masculino,814
1975,6,Femenino,621
1975,6,Masculino,776
1975,7,Femenino,790
1975,7,Masculino,901
1975,8,Femenino,721
1975,8,Masculino,835
1975,9,Femenino,611
1975,9,Masculino,777
1975,10,Femenino,651
1975,10,Masculino,772
1975,11,Femenino,553
1975,11,Masculino,697
1975,12,Femenino,591
1975,12,Masculino,706
1976,1,Femenino,604
1976,1,Masculino,683
1976,2,Femenino,478
1976,2,Masculino,630
1976,3,Femenino,560
1976,3,Masculino,726
1976,4,Femenino,507
1976,4,Masculino,647
1976,5,Femenino,718
1976,5,Masculino,893
1976,6,Femenino,772
1976,6,Masculino,905
1976,7,Femenino,760
1976,7,Masculino,934
1976,8,Femenino,659
1976,8,Masculino,889
1976,9,Femenino,646
1976,9,Masculino,780
1976,10,Femenino,555
1976,10,Masculino,702
1976,11,Femenino,593
1976,11,Masculino,715
1976,12,Femenino,586
1976,12,Masculino,744
1977,1,Femenino,573
1977,1,Masculino,678
1977,2,Femenino,509
1977,2,Masculino,607
1977,3,Femenino,583
1977,3,Masculino,720
1977,4,Femenino,623
1977,4,Masculino,791
1977,5,Femenino,648
1977,5,Masculino,853
1977,6,Femenino,753
1977,6,Masculino,873
1977,7,Femenino,764
1977,7,Masculino,905
1977,8,Femenino,829
1977,8,Masculino,1069
1977,9,Femenino,682
1977,9,Masculino,789
1977,10,Femenino,659
1977,10,Masculino,757
1977,11,Femenino,585
1977,11,Masculino,661
1977,12,Femenino,629
1977,12,Masculino,744
1978,1,Femenino,584
1978,1,Masculino,724
1978,2,Femenino,513
1978,2,Masculino,679
1978,3,Femenino,548
1978,3,Masculino,698
1978,4,Femenino,608
1978,4,Masculino,719
1978,5,Femenino,640
1978,5,Masculino,822
1978,6,Femenino,712
1978,6,Masculino,814
1978,7,Femenino,776
1978,7,Masculino,871
1978,8,Femenino,749
1978,8,Masculino,871
1978,9,Femenino,649
1978,9,Masculino,754
1978,10,Femenino,611
1978,10,Masculino,732
1978,11,Femenino,613
1978,11,Masculino,683
1978,12,Femenino,539
1978,12,Masculino,686
1979,1,Femenino,599
1979,1,Masculino,673
1979,2,Femenino,531
1979,2,Masculino,632
1979,3,Femenino,569
1979,3,Masculino,627
1979,4,Femenino,605
1979,4,Masculino,723
1979,5,Femenino,682
1979,5,Masculino,818
1979,6,Femenino,785
1979,6,Masculino,944
1979,7,Femenino,891
1979,7,Masculino,1021
1979,8,Femenino,681
1979,8,Masculino,800
1979,9,Femenino,658
1979,9,Masculino,786
1979,10,Femenino,623
1979,10,Masculino,735
1979,11,Femenino,561
1979,11,Masculino,651
1979,12,Femenino,571
1979,12,Masculino,736
1980,1,Femenino,628
1980,1,Masculino,746
1980,2,Femenino,500
1980,2,Masculino,590
1980,3,Femenino,612
1980,3,Masculino,690
1980,4,Femenino,619
1980,4,Masculino,708
1980,5,Femenino,679
1980,5,Masculino,751
1980,6,Femenino,796
1980,6,Masculino,942
1980,7,Femenino,1010
1980,7,Masculino,1180
1980,8,Femenino,807
1980,8,Masculino,947
1980,9,Femenino,678
1980,9,Masculino,713
1980,10,Femenino,638
1980,10,Masculino,725
1980,11,Femenino,600
1980,11,Masculino,719
1980,12,Femenino,610
1980,12,Masculino,722
1981,1,Femenino,588
1981,1,Masculino,701
1981,2,Femenino,541
1981,2,Masculino,616
1981,3,Femenino,571
1981,3,Masculino,707
1981,4,Femenino,597
1981,4,Masculino,685
1981,5,Femenino,596
1981,5,Masculino,756
1981,6,Femenino,749
1981,6,Masculino,889
1981,7,Femenino,772
1981,7,Masculino,886
1981,8,Femenino,679
1981,8,Masculino,786
1981,9,Femenino,602
1981,9,Masculino,765
1981,10,Femenino,650
1981,10,Masculino,770
1981,11,Femenino,592
1981,11,Masculino,709
1981,12,Femenino,560
1981,12,Masculino,707
1982,1,Femenino,574
1982,1,Masculino,670
1982,2,Femenino,486
1982,2,Masculino,613
1982,3,Femenino,549
1982,3,Masculino,745
1982,4,Femenino,555
1982,4,Masculino,684
1982,5,Femenino,623
1982,5,Masculino,756
1982,6,Femenino,705
1982,6,Masculino,821
1982,7,Femenino,748
1982,7,Masculino,848
1982,8,Femenino,700
1982,8,Masculino,835
1982,9,Femenino,605
1982,9,Masculino,770
1982,10,Femenino,628
1982,10,Masculino,757
1982,11,Femenino,630
1982,11,Masculino,709
1982,12,Femenino,600
1982,12,Masculino,680
1983,1,Femenino,531
1983,1,Masculino,611
1983,2,Femenino,459
1983,2,Masculino,515
1983,3,Femenino,579
1983,3,Masculino,698
1983,4,Femenino,547
1983,4,Masculino,693
1983,5,Femenino,524
1983,5,Masculino,683
1983,6,Femenino,753
1983,6,Masculino,927
1983,7,Femenino,867
1983,7,Masculino,982
1983,8,Femenino,729
1983,8,Masculino,789
1983,9,Femenino,651
1983,9,Masculino,691
1983,10,Femenino,573
1983,10,Masculino,661
1983,11,Femenino,579
1983,11,Masculino,655
1983,12,Femenino,530
1983,12,Masculino,633
1984,1,Femenino,620
1984,1,Masculino,658
1984,2,Femenino,624
1984,2,Masculino,669
1984,3,Femenino,602
1984,3,Masculino,689
1984,4,Femenino,648
1984,4,Masculino,728
1984,5,Femenino,692
1984,5,Masculino,835
1984,6,Femenino,797
1984,6,Masculino,960
1984,7,Femenino,915
1984,7,Masculino,948
1984,8,Femenino,845
1984,8,Masculino,905
1984,9,Femenino,677
1984,9,Masculino,743
1984,10,Femenino,657
1984,10,Masculino,716
1984,11,Femenino,568
1984,11,Masculino,683
1984,12,Femenino,611
1984,12,Masculino,721
1985,1,Femenino,598
1985,1,Masculino,708
1985,2,Femenino,549
1985,2,Masculino,582
1985,3,Femenino,609
1985,3,Masculino,666
1985,4,Femenino,589
1985,4,Masculino,674
1985,5,Femenino,707
1985,5,Masculino,811
1985,6,Femenino,739
1985,6,Masculino,823
1985,7,Femenino,884
1985,7,Masculino,940
1985,8,Femenino,757
1985,8,Masculino,797
1985,9,Femenino,648
1985,9,Masculino,749
1985,10,Femenino,679
1985,10,Masculino,703
1985,11,Femenino,573
1985,11,Masculino,669
1985,12,Femenino,634
1985,12,Masculino,717
1986,1,Femenino,625
1986,1,Masculino,735
1986,2,Femenino,534
1986,2,Masculino,590
1986,3,Femenino,607
1986,3,Masculino,648
1986,4,Femenino,598
1986,4,Masculino,623
1986,5,Femenino,731
1986,5,Masculino,775
1986,6,Femenino,740
1986,6,Masculino,776
1986,7,Femenino,769
1986,7,Masculino,771
1986,8,Femenino,759
1986,8,Masculino,864
1986,9,Femenino,716
1986,9,Masculino,731
1986,10,Femenino,648
1986,10,Masculino,733
1986,11,Femenino,627
1986,11,Masculino,662
1986,12,Femenino,625
1986,12,Masculino,681
1987,1,Femenino,584
1987,1,Masculino,622
1987,2,Femenino,528
1987,2,Masculino,558
1987,3,Femenino,634
1987,3,Masculino,737
1987,4,Femenino,641
1987,4,Masculino,583
1987,5,Femenino,690
1987,5,Masculino,804
1987,6,Femenino,727
1987,6,Masculino,822
1987,6,,1
1987,7,Femenino,732
1987,7,Masculino,799
1987,8,Femenino,767
1987,8,Masculino,847
1987,9,Femenino,634
1987,9,Masculino,720
1987,10,Femenino,612
1987,10,Masculino,705
1987,11,Femenino,534
1987,11,Masculino,610
1987,12,Femenino,554
1987,12,Masculino,662
1988,1,Femenino,581
1988,1,Masculino,645
1988,2,Femenino,539
1988,2,Masculino,629
1988,3,Femenino,590
1988,3,Masculino,645
1988,4,Femenino,650
1988,4,Masculino,723
1988,5,Femenino,716
1988,5,Masculino,832
1988,6,Femenino,1005
1988,6,Masculino,1051
1988,7,Femenino,939
1988,7,Masculino,991
1988,8,Femenino,819
1988,8,Masculino,842
1988,9,Femenino,644
1988,9,Masculino,804
1988,10,Femenino,669
1988,10,Masculino,825
1988,11,Femenino,601
1988,11,Masculino,659
1988,12,Femenino,626
1988,12,Masculino,679
1989,1,Femenino,589
1989,1,Masculino,721
1989,2,Femenino,545
1989,2,Masculino,584
1989,3,Femenino,532
1989,3,Masculino,646
1989,4,Femenino,639
1989,4,Masculino,675
1989,5,Femenino,678
1989,5,Masculino,745
1989,6,Femenino,708
1989,6,Masculino,813
1989,7,Femenino,854
1989,7,Masculino,919
1989,8,Femenino,760
1989,8,Masculino,858
1989,9,Femenino,729
1989,9,Masculino,769
1989,10,Femenino,658
1989,10,Masculino,685
1989,11,Femenino,634
1989,11,Masculino,672
1989,12,Femenino,638
1989,12,Masculino,674
1990,1,Femenino,656
1990,1,Masculino,684
1990,2,Femenino,485
1990,2,Masculino,615
1990,3,Femenino,634
1990,3,Masculino,676
1990,4,Femenino,628
1990,4,Masculino,707
1990,5,Femenino,752
1990,5,Masculino,840
1990,6,Femenino,917
1990,6,Masculino,881
1990,7,Femenino,859
1990,7,Masculino,892
1990,8,Femenino,766
1990,8,Masculino,807
1990,9,Femenino,649
1990,9,Masculino,740
1990,10,Femenino,643
1990,10,Masculino,679
1990,11,Femenino,569
1990,11,Masculino,606
1990,12,Femenino,557
1990,12,Masculino,674
1991,1,Femenino,625
1991,1,Masculino,647
1991,2,Femenino,517
1991,2,Masculino,579
1991,3,Femenino,614
1991,3,Masculino,665
1991,4,Femenino,677
1991,4,Masculino,668
1991,5,Femenino,706
1991,5,Masculino,767
1991,6,Femenino,726
1991,6,Masculino,775
1991,7,Femenino,956
1991,7,Masculino,949
1991,8,Femenino,856
1991,8,Masculino,795
1991,9,Femenino,704
1991,9,Masculino,724
1991,10,Femenino,732
1991,10,Masculino,779
1991,11,Femenino,607
1991,11,Masculino,658
1991,12,Femenino,579
1991,12,Masculino,690
1992,1,Femenino,657
1992,1,Masculino,664
1992,2,Femenino,563
1992,2,Masculino,655
1992,3,Femenino,643
1992,3,Masculino,650
1992,4,Femenino,629
1992,4,Masculino,605
1992,5,Femenino,706
1992,5,Masculino,753
1992,6,Femenino,783
1992,6,Masculino,774
1992,7,Femenino,880
1992,7,Masculino,914
1992,8,Femenino,860
1992,8,Masculino,846
1992,9,Femenino,724
1992,9,Masculino,762
1992,10,Femenino,605
1992,10,Masculino,705
1992,11,Femenino,590
1992,11,Masculino,641
1992,12,Femenino,593
1992,12,Masculino,671
1993,1,Femenino,634
1993,1,Masculino,672
1993,2,Femenino,519
1993,2,Masculino,620
1993,3,Femenino,639
1993,3,Masculino,645
1993,4,Femenino,627
1993,4,Masculino,662
1993,5,Femenino,772
1993,5,Masculino,895
1993,6,Femenino,877
1993,6,Masculino,919
1993,7,Femenino,904
1993,7,Masculino,932
1993,8,Femenino,880
1993,8,Masculino,826
1993,9,Femenino,719
1993,9,Masculino,792
1993,10,Femenino,723
1993,10,Masculino,776
1993,11,Femenino,631
1993,11,Masculino,688
1993,12,Femenino,602
1993,12,Masculino,660
1994,1,Femenino,613
1994,1,Masculino,665
1994,2,Femenino,564
1994,2,Masculino,618
1994,3,Femenino,612
1994,3,Masculino,649
1994,4,Femenino,635
1994,4,Masculino,708
1994,5,Femenino,654
1994,5,Masculino,680
1994,6,Femenino,702
1994,6,Masculino,766
1994,7,Femenino,812
1994,7,Masculino,897
1994,8,Femenino,727
1994,8,Masculino,884
1994,9,Femenino,755
1994,9,Masculino,837
1994,10,Femenino,642
1994,10,Masculino,704
1994,11,Femenino,653
1994,11,Masculino,650
1994,12,Femenino,618
1994,12,Masculino,734
1995,1,Femenino,578
1995,1,Masculino,660
1995,2,Femenino,538
1995,2,Masculino,611
1995,3,Femenino,613
1995,3,Masculino,684
1995,4,Femenino,594
1995,4,Masculino,688
1995,5,Femenino,661
1995,5,Masculino,779
1995,6,Femenino,782
1995,6,Masculino,922
1995,7,Femenino,1049
1995,7,Masculino,1040
1995,8,Femenino,878
1995,8,Masculino,882
1995,9,Femenino,710
1995,9,Masculino,709
1995,10,Femenino,679
1995,10,Masculino,724
1995,11,Femenino,598
1995,11,Masculino,671
1995,12,Femenino,607
1995,12,Masculino,672
1996,1,Femenino,590
1996,1,Masculino,716
1996,2,Femenino,526
1996,2,Masculino,615
1996,3,Femenino,542
1996,3,Masculino,635
1996,4,Femenino,591
1996,4,Masculino,640
1996,5,Femenino,673
1996,5,Masculino,709
1996,6,Femenino,854
1996,6,Masculino,961
1996,7,Femenino,987
1996,7,Masculino,1028
1996,8,Femenino,778
1996,8,Masculino,817
1996,9,Femenino,711
1996,9,Masculino,753
1996,10,Femenino,650
1996,10,Masculino,731
1996,11,Femenino,544
1996,11,Masculino,602
1996,12,Femenino,621
1996,12,Masculino,659
1997,1,Femenino,643
1997,1,Masculino,667
1997,2,Femenino,516
1997,2,Masculino,566
1997,3,Femenino,611
1997,3,Masculino,601
1997,4,Femenino,626
1997,4,Masculino,647
1997,5,Femenino,620
1997,5,Masculino,715
1997,6,Femenino,751
1997,6,Masculino,750
1997,7,Femenino,869
1997,7,Masculino,856
1997,8,Femenino,777
1997,8,Masculino,800
1997,9,Femenino,762
1997,9,Masculino,751
1997,10,Femenino,710
1997,10,Masculino,720
1997,11,Femenino,612
1997,11,Masculino,687
1997,12,Femenino,592
1997,12,Masculino,708
1998,1,Femenino,613
1998,1,Masculino,647
1998,2,Femenino,525
1998,2,Masculino,553
1998,3,Femenino,607
1998,3,Masculino,652
1998,4,Femenino,600
1998,4,Masculino,692
1998,5,Femenino,683
1998,5,Masculino,730
1998,6,Femenino,872
1998,6,Masculino,845
1998,7,Femenino,991
1998,7,Masculino,943
1998,8,Femenino,874
1998,8,Masculino,808
1998,9,Femenino,748
1998,9,Masculino,787
1998,10,Femenino,650
1998,10,Masculino,644
1998,11,Femenino,651
1998,11,Masculino,684
1998,12,Femenino,640
1998,12,Masculino,689
1999,1,Femenino,629
1999,1,Masculino,628
1999,2,Femenino,524
1999,2,Masculino,579
1999,3,Femenino,669
1999,3,Masculino,698
1999,4,Femenino,621
1999,4,Masculino,710
1999,5,Femenino,735
1999,5,Masculino,715
1999,6,Femenino,1002
1999,6,Masculino,1065
1999,7,Femenino,1031
1999,7,Masculino,993
1999,8,Femenino,803
1999,8,Masculino,838
1999,9,Femenino,663
1999,9,Masculino,722
1999,10,Femenino,695
1999,10,Masculino,732
1999,11,Femenino,618
1999,11,Masculino,658
1999,12,Femenino,643
1999,12,Masculino,651
2000,1,Femenino,633
2000,1,Masculino,691
2000,2,Femenino,577
2000,2,Masculino,600
2000,3,Femenino,597
2000,3,Masculino,603
2000,4,Femenino,612
2000,4,Masculino,666
2000,5,Femenino,652
2000,5,Masculino,709
2000,6,Femenino,677
2000,6,Masculino,741
2000,7,Femenino,852
2000,7,Masculino,809
2000,8,Femenino,845
2000,8,Masculino,852
2000,9,Femenino,769
2000,9,Masculino,703
2000,10,Femenino,687
2000,10,Masculino,720
2000,11,Femenino,631
2000,11,Masculino,620
2000,12,Femenino,616
2000,12,Masculino,662
2001,1,Femenino,710
2001,1,Masculino,658
2001,2,Femenino,557
2001,2,Masculino,599
2001,3,Femenino,531
2001,3,Masculino,659
2001,4,Femenino,598
2001,4,Masculino,662
2001,5,Femenino,711
2001,5,Masculino,748
2001,6,Femenino,652
2001,6,Masculino,703
2001,7,Femenino,792
2001,7,Masculino,905
2001,8,Femenino,834
2001,8,Masculino,807
2001,9,Femenino,734
2001,9,Masculino,748
2001,10,Femenino,675
2001,10,Masculino,687
2001,11,Femenino,609
2001,11,Masculino,649
2001,12,Femenino,645
2001,12,Masculino,688
2002,1,Femenino,647
2002,1,Masculino,593
2002,2,Femenino,549
2002,2,Masculino,568
2002,3,Femenino,621
2002,3,Masculino,626
2002,4,Femenino,611
2002,4,Masculino,664
2002,5,Femenino,645
2002,5,Masculino,747
2002,6,Femenino,749
2002,6,Masculino,810
2002,7,Femenino,929
2002,7,Masculino,812
2002,8,Femenino,828
2002,8,Masculino,781
2002,9,Femenino,715
2002,9,Masculino,717
2002,10,Femenino,665
2002,10,Masculino,711
2002,11,Femenino,654
2002,11,Masculino,640
2002,12,Femenino,670
2002,12,Masculino,602
2003,1,Femenino,640
2003,1,Masculino,618
2003,2,Femenino,551
2003,2,Masculino,585
2003,3,Femenino,617
2003,3,Masculino,628
2003,4,Femenino,590
2003,4,Masculino,701
2003,5,Femenino,683
2003,5,Masculino,716
2003,6,Femenino,826
2003,6,Masculino,808
2003,7,Femenino,894
2003,7,Masculino,813
2003,8,Femenino,811
2003,8,Masculino,773
2003,9,Femenino,803
2003,9,Masculino,725
2003,10,Femenino,709
2003,10,Masculino,709
2003,11,Femenino,631
2003,11,Masculino,605
2003,12,Femenino,614
2003,12,Masculino,664
2004,1,Femenino,638
2004,1,Masculino,641
2004,2,Femenino,552
2004,2,Masculino,573
2004,3,Femenino,628
2004,3,Masculino,625
2004,4,Femenino,594
2004,4,Masculino,611
2004,5,Femenino,732
2004,5,Masculino,772
2004,6,Femenino,825
2004,6,Masculino,856
2004,7,Femenino,998
2004,7,Masculino,922
2004,8,Femenino,743
2004,8,Masculino,760
2004,9,Femenino,699
2004,9,Masculino,702
2004,10,Femenino,640
2004,10,Masculino,602
2004,11,Femenino,556
2004,11,Masculino,644
2004,12,Femenino,635
2004,12,Masculino,634
2005,1,Femenino,697
2005,1,Masculino,634
2005,2,Femenino,579
2005,2,Masculino,541
2005,3,Femenino,639
2005,3,Masculino,664
2005,4,Femenino,656
2005,4,Masculino,671
2005,5,Femenino,675
2005,5,Masculino,693
2005,6,Femenino,736
2005,6,Masculino,746
2005,7,Femenino,897
2005,7,Masculino,867
2005,8,Femenino,916
2005,8,Masculino,861
2005,9,Femenino,835
2005,9,Masculino,696
2005,10,Femenino,691
2005,10,Masculino,672
2005,11,Femenino,643
2005,11,Masculino,645
2005,12,Femenino,602
2005,12,Masculino,664
2006,1,Femenino,586
2006,1,Masculino,621
2006,2,Femenino,544
2006,2,Masculino,552
2006,3,Femenino,598
2006,3,Masculino,540
2006,4,Femenino,593
2006,4,Masculino,600
2006,5,Femenino,703
2006,5,Masculino,698
2006,6,Femenino,748
2006,6,Masculino,701
2006,7,Femenino,778
2006,7,Masculino,793
2006,8,Femenino,831
2006,8,Masculino,768
2006,9,Femenino,767
2006,9,Masculino,677
2006,10,Femenino,713
2006,10,Masculino,718
2006,11,Femenino,635
2006,11,Masculino,656
2006,12,Femenino,692
2006,12,Masculino,663
2007,1,Femenino,611
2007,1,Masculino,644
2007,2,Femenino,580
2007,2,Masculino,593
2007,3,Femenino,625
2007,3,Masculino,632
2007,4,Femenino,614
2007,4,Masculino,685
2007,5,Femenino,714
2007,5,Masculino,888
2007,6,Femenino,924
2007,6,Masculino,877
2007,7,Femenino,1005
2007,7,Masculino,986
2007,8,Femenino,910
2007,8,Masculino,860
2007,9,Femenino,692
2007,9,Masculino,679
2007,10,Femenino,696
2007,10,Masculino,671
2007,11,Femenino,666
2007,11,Masculino,623
2007,12,Femenino,643
2007,12,Masculino,633
2008,1,Femenino,668
2008,1,Masculino,598
2008,2,Femenino,557
2008,2,Masculino,564
2008,3,Femenino,620
2008,3,Masculino,597
2008,4,Femenino,570
2008,4,Masculino,607
2008,5,Femenino,746
2008,5,Masculino,743
2008,6,Femenino,817
2008,6,Masculino,810
2008,7,Femenino,747
2008,7,Masculino,750
2008,8,Femenino,757
2008,8,Masculino,721
2008,9,Femenino,712
2008,9,Masculino,728
2008,10,Femenino,711
2008,10,Masculino,643
2008,11,Femenino,614
2008,11,Masculino,573
2008,12,Femenino,644
2008,12,Masculino,604
2009,1,Femenino,618
2009,1,Masculino,645
2009,2,Femenino,527
2009,2,Masculino,550
2009,3,Femenino,614
2009,3,Masculino,660
2009,4,Femenino,636
2009,4,Masculino,653
2009,5,Femenino,715
2009,5,Masculino,682
2009,6,Femenino,784
2009,6,Masculino,755
2009,7,Femenino,907
2009,7,Masculino,960
2009,8,Femenino,785
2009,8,Masculino,852
2009,9,Femenino,711
2009,9,Masculino,690
2009,10,Femenino,697
2009,10,Masculino,698
2009,11,Femenino,631
2009,11,Masculino,629
2009,12,Femenino,634
2009,12,Masculino,654
2010,1,Femenino,736
2010,1,Masculino,641
2010,2,Femenino,579
2010,2,Masculino,549
2010,3,Femenino,606
2010,3,Masculino,615
2010,4,Femenino,652
2010,4,Masculino,580
2010,5,Femenino,705
2010,5,Masculino,694
2010,6,Femenino,747
2010,6,Masculino,734
2010,7,Femenino,840
2010,7,Masculino,776
2010,8,Femenino,829
2010,8,Masculino,807
2010,9,Femenino,787
2010,9,Masculino,713
2010,10,Femenino,741
2010,10,Masculino,719
2010,11,Femenino,659
2010,11,Masculino,648
2010,12,Femenino,566
2010,12,Masculino,515
